{
  "IcoMoonType": "selection",
  "icons": [
    {
      "icon": {
        "paths": [
          "M512 102.861c-141.414 0-256 114.125-256 255.488 0 244.429 256 563.2 256 563.2s256-318.822 256-563.2c0-141.312-114.586-255.488-256-255.488zM512 499.712c-76.39 0-138.24-61.901-138.24-138.24s61.85-138.24 138.24-138.24c76.288 0 138.189 61.901 138.189 138.24s-61.901 138.24-138.189 138.24z"
        ],
        "attrs": [],
        "isMulticolor": false,
        "isMulticolor2": false,
        "tags": [
          "location-pin"
        ],
        "grid": 20
      },
      "attrs": [],
      "properties": {
        "id": 210,
        "order": 13,
        "prevSize": 20,
        "name": "location-pin",
        "code": 59654
      },
      "setIdx": 0,
      "setId": 2,
      "iconIdx": 209
    },
    {
      "icon": {
        "paths": [
          "M80.589 270.643c24.986 13.414 371.098 199.373 384 206.285s29.594 10.189 46.387 10.189c16.794 0 33.485-3.277 46.387-10.189s359.014-192.87 384-206.285c25.037-13.466 48.691-65.843 2.765-65.843h-866.253c-45.926 0-22.272 52.378 2.714 65.843zM952.986 383.437c-28.416 14.797-378.214 197.069-395.622 206.182s-29.594 10.189-46.387 10.189-28.979-1.075-46.387-10.189-365.21-191.437-393.626-206.234c-19.968-10.445-19.763 1.792-19.763 11.213s0 373.402 0 373.402c0 21.504 28.979 51.2 51.2 51.2h819.2c22.221 0 51.2-29.696 51.2-51.2 0 0 0-363.93 0-373.35s0.205-21.658-19.814-11.213z"
        ],
        "attrs": [],
        "isMulticolor": false,
        "isMulticolor2": false,
        "tags": [
          "mail"
        ],
        "grid": 20
      },
      "attrs": [],
      "properties": {
        "id": 219,
        "order": 14,
        "prevSize": 20,
        "name": "mail"
      },
      "setIdx": 0,
      "setId": 2,
      "iconIdx": 218
    },
    {
      "icon": {
        "paths": [
          "M574.925 574.925c-81.050 80.998-174.95 158.515-212.070 121.395-53.094-53.094-85.862-99.379-203.008-5.222-117.094 94.106-27.136 156.877 24.32 208.282 59.392 59.392 280.781 3.174 499.61-215.603 218.778-218.829 274.842-440.218 215.398-499.61-51.456-51.507-113.92-141.414-208.026-24.32-94.157 117.094-47.923 149.862 5.274 203.008 36.966 37.12-40.499 131.021-121.498 212.070z"
        ],
        "attrs": [],
        "isMulticolor": false,
        "isMulticolor2": false,
        "tags": [
          "phone"
        ],
        "grid": 20
      },
      "attrs": [],
      "properties": {
        "id": 245,
        "order": 15,
        "prevSize": 20,
        "name": "phone"
      },
      "setIdx": 0,
      "setId": 2,
      "iconIdx": 244
    }
  ],
  "height": 1024,
  "preferences": {
    "showGlyphs": true,
    "showQuickUse": true,
    "showQuickUse2": true,
    "showSVGs": true,
    "fontPref": {
      "prefix": "icon-",
      "metadata": {
        "fontFamily": "icomoon"
      },
      "metrics": {
        "emSize": 1024,
        "baseline": 6.25,
        "whitespace": 50
      },
      "embed": false
    },
    "imagePref": {
      "prefix": "icon-",
      "png": false,
      "useClassSelector": true,
      "color": 0,
      "bgColor": 16777215,
      "classSelector": ".icon",
      "name": "icomoon",
      "height": 32,
      "columns": 16,
      "margin": 16
    },
    "historySize": 50,
    "showCodes": true,
    "gridSize": 16
  }
}